index,audio,avg_prob,type,text
440,/workspace/datasets/whisper_prep_dataset/train/created_dataset/dump/EiFc1LMtrsY/4845660.mp3,-0.13110655047265546,noise,<|0.00|> масел<|1.00|><|1.00|> и асфальт<|2.00|><|2.00|> который идет уже<|3.00|><|3.00|> на производство<|4.00|><|4.00|> битума<|5.00|><|6.00|> и перейдем<|7.00|><|7.00|> потихонечку<|8.00|><|8.00|> дальше<|9.00|><|10.00|> каждый в принципе<|11.00|><|11.00|> поток<|12.00|><|12.00|> который у нас<|13.00|><|13.00|> на нефтепорабатывающем<|14.00|><|14.00|> заводе<|15.00|><|15.00|> получается<|16.00|><|16.00|> после разделения<|17.00|><|17.00|> на установках<|19.00|><|19.00|> АВТ<|20.00|><|20.00|> он подвергается<|22.00|><|22.00|> определенному<|23.00|><|23.00|> скажем так<|24.00|><|27.00|> способу переработки<|29.00|><|29.00|> так концептуально<|30.00|>
917,/workspace/datasets/whisper_prep_dataset/train/created_dataset/dump/YSKJxaTai8o/1146760.mp3,-0.10115105472505093,noise,"<|0.00|> Классический пример мы внедряем сейчас еще в процессе внедрения,<|7.14|><|7.28|> то есть оно адаптировано под наши условия.<|11.50|><|12.08|> Классический пример месторождения Башенкуль.<|14.10|><|14.32|> То есть применены практики WRFM.<|19.02|><|19.86|> За короткий период снижена обводенность практически там 74,<|26.62|>"
707,/workspace/datasets/whisper_prep_dataset/train/created_dataset/dump/t0ov4FfyNR0/3920280.mp3,-0.09971504596372445,noise,"<|0.00|> потому что уже там можно найти тех,<|5.08|><|5.20|> у кого горят глаза на вот эти задачки,<|7.14|><|7.20|> на эти проблемы,<|7.84|><|8.64|> и если ребята,<|9.48|><|9.96|> и у нас есть такие в команде люди,<|11.98|><|12.12|> там,<|12.18|><|12.24|> которые там еще,<|12.82|><|13.04|> там, химия только началась,<|14.44|><|14.54|> там,<|14.66|><|14.74|> или там,<|15.18|><|16.02|> геология,<|16.52|><|16.58|> не геология,<|17.04|><|17.12|> география и так далее,<|17.84|><|18.28|> там,<|18.42|><|18.42|> с 8-9 класса начали к нам приходить,<|20.50|><|21.04|> и сейчас вот уже защищают кандидатские диссертации,<|23.14|><|23.22|> то есть такой вот длинный путь,<|25.26|><|25.32|> они прошли там со школьной скамьи уже до,<|27.50|><|27.88|> там,<|28.32|><|28.40|> серьезных каких-то научных,<|29.66|><|29.74|> там,<|29.88|>"
977,/workspace/datasets/whisper_prep_dataset/train/created_dataset/dump/YSKJxaTai8o/2816780.mp3,-0.09122575670480729,noise,"<|0.00|> Соответственно, данная система, на мой взгляд, должна повсеместно<|5.04|><|5.04|> применяться и внедряться.<|7.52|><|7.52|> Данная система, она у нас, то есть классический пример, внедрена<|14.08|><|14.08|> на Башенколе.<|15.78|><|16.84|> Были просчитаны все MASP, МАОПы, МИНАПы, ну то есть максимально<|21.00|><|21.00|> допустимые давления в межколонных пространствах.<|25.52|>"
60,/workspace/datasets/whisper_prep_dataset/train/created_dataset/dump/xbrsbYaj-gU/841550.mp3,-0.08998600552877178,term,"<|0.00|> нагнетательные скважины.<|1.68|><|4.20|> Так вот, на больших месторождениях применяют внутриконтурное<|7.26|><|7.26|> заводнение.<|8.12|><|8.72|> Разрезание нагнетательными рядами на отдельные эксплуатационные<|12.12|><|12.12|> блоки.<|12.68|><|13.28|> На одну тонну извлекаемой нефти необходимо нагнетать 1,6-2<|17.90|><|17.90|> кубометра воды.<|19.44|><|20.40|> Площадное заводнение применяется как вторичный метод добычи<|23.80|><|23.80|> нефти<|24.08|><|24.08|> при разработке нефтяных залежей на ненапорных режимах,<|27.76|>"
1028,/workspace/datasets/whisper_prep_dataset/train/created_dataset/dump/YSKJxaTai8o/4252430.mp3,-0.08988604322075844,term,"<|0.00|> RES, это Reservoir Evaluation Services, они очень крутые<|4.24|><|4.24|> ребята.<|5.20|><|6.48|> Дальше, основываясь на этих данных, привязали данные добычи,<|12.84|><|12.84|> другие данные, да, построили, переобработали, переинтерпретировали<|19.30|><|19.30|> сейсминку,<|19.80|><|19.80|> привязали седиментологию, и это вот как, грубо говоря, у<|23.96|><|23.96|> тебя улучшился фокус, и ты на месторождении как смотришь<|27.64|><|27.64|> уже на лупы.<|28.48|>"
899,/workspace/datasets/whisper_prep_dataset/train/created_dataset/dump/YSKJxaTai8o/639970.mp3,-0.08915017322724453,term,"<|0.00|> наши, так сказать, советские процедуры – это ГТМ, геолого-технические<|6.60|><|6.60|> мероприятия.<|7.52|><|7.52|> Теперь, по части ГРП и вот то, что мы говорили по горизонтальной<|13.12|><|13.12|> бурению, вот Асаке затронул по поводу клапанов, ICV, ICD клапанов.<|19.72|><|20.28|> Приведу пример мирового уровня.<|23.56|><|26.96|> Компания Shell имеет, ну, на тот момент, когда я работал,<|29.10|>"
1010,/workspace/datasets/whisper_prep_dataset/train/created_dataset/dump/YSKJxaTai8o/3739720.mp3,-0.08817395446822048,term,"<|0.00|> А дальше это будет влиять на остальные процессы, да?<|3.20|><|3.22|> Процессы, да.<|3.82|><|4.84|> Мы перебили вас.<|5.88|><|6.14|> Нет, ничего.<|6.70|><|6.84|> Я вот, кстати, хотел сказать, нет, вот с мультифазными расходомерами<|10.88|><|10.88|> у меня есть опыт работы, да?<|12.82|><|13.28|> То есть, там, вы знаете, там не получится так, вот мы<|16.14|><|16.14|> поставили эту технологию, она сам по себе сработает.<|19.26|><|19.42|> Да.<|19.58|><|19.98|> У нас вот такое было на западной Курне-2.<|21.88|><|22.58|> То есть, там проблема была с замером как бы газового фактора,<|25.18|><|25.18|> правда, мы ее другим методом обошли.<|27.42|>"
673,/workspace/datasets/whisper_prep_dataset/train/created_dataset/dump/t0ov4FfyNR0/2709640.mp3,-0.08617467060685158,term,"<|0.00|> еще более мелкой.<|0.82|><|1.94|> Значит, что для этого нужно сделать?<|3.34|><|3.42|> Да, нужно пробурить скважину,<|4.46|><|4.54|> опять из-за разницы давления<|5.66|><|5.66|> все это поднимается,<|6.52|><|7.26|> но может подниматься,<|8.18|><|8.28|> если газ может выйти из этих пор.<|9.86|><|10.26|> Если не может выйти,<|11.70|><|11.76|> то используются тоже<|12.50|><|12.50|> специальные технологии,<|13.52|><|14.08|> которые тоже называются<|15.28|><|15.28|> гидроразрыв,<|15.88|><|15.98|> только уже не нефтяных,<|17.02|><|17.08|> а газовых пластов.<|18.00|><|18.80|> Создается трещина,<|19.90|><|20.08|> эти трещины нарушают<|21.38|><|21.38|> вот эту мелкую,<|23.04|><|23.60|> мелкие поры,<|24.24|><|24.30|> оттуда газ уже можно добывать.<|25.54|><|26.06|> Ну, вот я, может быть,<|27.18|><|27.18|> совсем примитивный вопрос задам,<|29.06|>"
785,/workspace/datasets/whisper_prep_dataset/train/created_dataset/dump/UExih7oWg4E/1879900.mp3,-0.08564289928310448,term,"<|0.00|> Танкеры на каждом передатчик, все в реальном времени отслеживается.<|4.74|><|5.50|> А во-вторых, ну, картелям из 4-5 стран управлять гораздо<|9.90|><|9.90|> проще.<|10.48|><|11.20|> У них действительно гораздо более коллинеарные интересы и,<|13.32|><|13.32|> соответственно, они договариваются.<|15.40|><|16.36|> Момент, когда ОПЕК развалится, несомненно, настанет.<|20.24|><|20.44|> Вот когда закат нефтяной эры будет совсем виден, вот совсем<|25.00|><|25.00|> близко виден, да, вот тогда у каждого из этих игроков будет<|29.08|>"
11,/workspace/datasets/whisper_prep_dataset/train/created_dataset/dump/WfcldGf1Xoc/84100.mp3,-0.08488175376421875,term,"<|0.00|> В этих условиях система законтурного заводнения позволяет<|3.64|><|3.64|> наиболее полно выработать запасы и вытеснить нефть к центральной<|7.90|><|7.90|> возвышенной части пласта,<|9.52|><|9.52|> к так называемому стягивающему ряду добывающих скважин или<|13.68|><|13.68|> к одной скважине.<|15.22|><|15.86|> Законтурное заводнение имеет и недостатки.<|18.50|><|19.08|> К их числу можно отнести повышенный расход энергии на свечении<|22.60|><|22.60|> нефти,<|23.22|><|23.82|> так как нагнетаемой воде приходится преодолевать фильтрационное<|27.20|>"
877,/workspace/datasets/whisper_prep_dataset/train/created_dataset/dump/YSKJxaTai8o/26800.mp3,-0.08465727215322355,term,"<|0.00|> Озвучу так, что сейчас первое место занимает по добыче по<|3.44|><|3.44|> всему миру это США.<|4.78|><|4.78|> То есть, благодаря технологии, опять же, горизонтального бурения<|9.82|><|9.82|> и технологии ГРП.<|11.72|><|11.98|> Ну, многостандийный ГРП.<|14.10|><|15.04|> Давайте вот подробнее обсудим.<|16.82|><|18.00|> Я сейчас просто цифры приведу.<|19.60|><|19.96|> ГРП, благодаря ГРП США мог увеличить добычу в 7 раз.<|26.94|><|27.98|> Начиная с 2008 года.<|29.46|>"
1019,/workspace/datasets/whisper_prep_dataset/train/created_dataset/dump/YSKJxaTai8o/3998080.mp3,-0.0845503547990864,term,"<|0.84|> И когда ты вышел на эту полку, в принципе, тебе этих данных<|3.36|><|3.36|> достаточно, ты можешь скважину открывать.<|5.52|><|6.26|> И то есть, я делал это, да, это как бы…<|8.76|><|8.76|> И ты экономишь компании время, быстрее там демобилизуешь<|13.04|><|13.04|> подрядчика, если ты делаешь с кабельной станцией.<|16.52|><|16.66|> А если у тебя есть датчик, ты быстрее скважину запускаешь в<|19.76|><|19.76|> эксплуатацию.<|20.80|><|20.82|> Уменьшаете простой, да?<|21.86|><|21.88|> Уменьшаешь простой, да.<|22.78|><|23.16|> То есть, вот как технология-то помогает.<|24.78|>"
304,/workspace/datasets/whisper_prep_dataset/train/created_dataset/dump/EiFc1LMtrsY/627370.mp3,-0.08423642876247565,term,"<|0.00|> температура вспышки, которая характеризует пожароопасность<|3.68|><|3.68|> топлива, скажем так.<|5.32|><|5.32|> Для дизельных топлив это достаточно важная характеристика.<|9.00|><|10.40|> Температура застывания, которая характеризует низкотемпературные<|13.06|><|13.06|> свойства.<|13.96|><|14.04|> Ну, и ряд других, которые уже специфичны для каждого продукта.<|18.84|><|19.00|> Попозже мы их подробнее разберем.<|21.08|><|21.92|> Да, забыл сказать, в нефтях также растворен углеводородный<|24.80|><|24.80|> газ.<|25.24|><|25.48|> Ну, вот обычно там порядка 5%.<|27.56|>"
405,/workspace/datasets/whisper_prep_dataset/train/created_dataset/dump/EiFc1LMtrsY/3799660.mp3,-0.08209521340904757,term,<|0.00|> принципах<|1.00|><|1.00|> как правило то есть во первых<|2.00|><|2.00|> это гравитационные<|3.00|><|3.00|> процессы<|4.00|><|4.00|> к ним можно<|5.00|><|5.00|> и отнести<|6.00|><|6.00|> электрообессоливающие<|7.00|><|7.00|> установки<|8.00|><|8.00|> на которых происходит<|9.00|><|9.00|> отделение<|10.00|><|10.00|> от нефти воды<|11.00|><|11.00|> и солей<|12.00|><|12.00|> это ректификационные<|13.00|><|13.00|> установки<|14.00|><|14.00|> где происходит<|15.00|><|15.00|> ректификация<|16.00|><|16.00|> перегонка по-другому<|17.00|><|17.00|> это атмосферная<|19.00|><|19.00|> вакуумная<|20.00|><|20.00|> переработка нефти<|21.00|><|21.00|> а также<|22.00|><|22.00|> газофракционирование<|23.00|><|23.00|> разделение газовых потоков<|24.00|><|24.00|> на индивидуальный<|25.00|><|25.00|> компонент<|26.00|><|26.00|> абсорбционные<|27.00|><|27.00|> процессы<|28.00|><|28.00|> это очистка<|29.00|><|29.00|> жидкими<|30.00|>
79,/workspace/datasets/whisper_prep_dataset/train/created_dataset/dump/xbrsbYaj-gU/1377400.mp3,-0.07993470053042984,term,"<|0.00|> И вот резкое различное содержание парафина, сероводорода,<|4.00|><|4.14|> ценных углеводородных компонентов,<|5.80|><|6.42|> промышленное содержание других полезных ископаемых<|9.12|><|9.12|> также может стать причиной невозможности<|12.06|><|12.06|> совместной разработки пластов как одного объекта<|15.34|><|15.34|> вследствие необходимости использования существенно<|17.74|><|17.74|> различной технологии излечения нефти<|20.82|><|20.82|> и других полезных ископаемых из пластов.<|24.28|>"
987,/workspace/datasets/whisper_prep_dataset/train/created_dataset/dump/YSKJxaTai8o/3093460.mp3,-0.07949183527380228,term,"<|0.00|> Скважина, да, колонна, получается, изолирована с почвой.<|5.80|><|6.64|> Вы мониторите именно давление, которое межколонное давление,<|11.52|><|11.52|> да, ну, с почвой.<|12.94|><|13.62|> Если будут какие-то аномалии, это означает, что колонна<|15.94|><|15.94|> пропускает, правильно?<|17.52|><|17.68|> Да.<|17.80|><|18.02|> А если нету, тогда получается изолирована.<|20.80|><|21.12|> Вот буквально, ну, так.<|22.30|><|22.42|> Если простыми словами, да.<|23.42|><|23.42|> Да, если простыми словами, то есть процедура подразумевает<|27.32|><|27.32|> расчет чего?<|28.18|>"
109,/workspace/datasets/whisper_prep_dataset/train/created_dataset/dump/xbrsbYaj-gU/2227400.mp3,-0.07929998822510242,term,"<|0.00|> естественное локально-единичное<|1.92|><|1.92|> скопление нефти в одном<|3.16|><|3.16|> или нескольких сообщающихся<|5.04|><|5.04|> между собой в пластах коллекторах,<|6.64|><|6.72|> то есть в горных породах,<|7.98|><|8.22|> способных вещать себе и отдавать<|9.70|><|9.70|> при разработке нефти.<|10.98|><|12.24|> И вот залежи углеводородов,<|14.06|><|15.12|> входящие в месторождение<|16.14|><|16.14|> обычно находятся в пластах<|18.02|><|18.02|> или массивах горных пород,<|19.32|><|19.46|> имеющих различное распространение под землей,<|22.00|><|22.42|> часто различные геологи,<|24.28|><|24.28|> физические свойства.<|25.50|>"
612,/workspace/datasets/whisper_prep_dataset/train/created_dataset/dump/t0ov4FfyNR0/980500.mp3,-0.0784346037786842,term,"<|0.00|> Как раз тогда основным источником энергии, ну энергоресурсом<|3.62|><|3.62|> был уголь.<|4.34|><|5.16|> И вот в те годы как раз начали активно заниматься нефтяными<|7.80|><|7.80|> месторождениями,<|8.42|><|8.48|> начали их осваивать.<|9.38|><|9.68|> И постепенно там такой экспоненциальный рост нефтедобычи,<|13.44|><|13.44|> там сумасшедший.<|15.68|><|15.86|> И как раз он идет с развитием технологии.<|17.94|><|18.10|> Там появляется новая технология, увеличивается там объемы добычи<|21.60|><|21.60|> нефти.<|22.16|><|22.90|> Тогда, кстати, вот интересный момент.<|24.92|><|25.12|> Все думали, что угольная отрасль умрет.<|26.90|><|27.58|> 100 лет назад.<|28.22|>"
1081,/workspace/datasets/whisper_prep_dataset/train/created_dataset/dump/xNblb92WI5w/28140.mp3,-0.07793451050439706,term,"<|0.00|> Пустотой могут быть поры, трещины, каверны.<|3.32|><|3.66|> В этой литературе встречаются слова «фаза».<|6.30|><|6.30|> Подразумевает, что речь идет либо о нефти, это жидкое<|8.64|><|8.64|> состояние,<|9.24|><|9.36|> либо о газе, газообразное состояние, либо о парафинах, это<|11.72|><|11.72|> твердое состояние.<|12.68|><|12.98|> По залежи углеводородов принимается естественное скопление<|15.10|><|15.10|> углеводородов в одном пласте<|16.56|><|16.56|> или нескольких пластах, если это единая гидродинамическая<|19.68|><|19.68|> система.<|20.30|><|20.70|> Однофазная залеж – это залеж нефти с растворенным в ней газом.<|24.12|><|24.50|> Или газовая залеж, или газоконденсатная залеж.<|27.10|>"
734,/workspace/datasets/whisper_prep_dataset/train/created_dataset/dump/UExih7oWg4E/430240.mp3,-0.07744987282369818,term,"<|1.00|> Дальше, если мы смотрим на вторую половину XX века,<|5.56|><|5.56|> действительно идет огромный спрос на нефть.<|8.56|><|8.94|> До 1973 года мировую нефтяную индустрию почти везде, кроме<|13.48|><|13.48|> Советского Союза, контролировали компании семь сестер.<|17.68|><|19.04|> В основном это были американские компании, а еще BP и Shell.<|21.58|><|23.34|> Они работали в ставших независимыми арабских государствах<|28.00|>"
273,/workspace/datasets/whisper_prep_dataset/train/created_dataset/dump/hRSLef3cN90/110130.mp3,-0.07724011613754556,noise,"<|0.00|> установлено, что из общего объема пор нефтесодержащей породы<|5.12|><|5.12|> нефтью бывает заполнено от 60 до 90% пор.<|9.68|><|10.12|> Остальной объем пор заполнен водой.<|12.48|><|12.92|> Спасибо за внимание! Ставьте лайки, подписывайтесь на канал.<|17.56|><|18.00|> Также, если вы хотите выбрать интересующую тему или нашли<|21.36|><|21.36|> неточности в излагаемом материале, пишите в группе социальной<|25.64|><|25.64|> сети ВКонтакте.<|26.96|>"
762,/workspace/datasets/whisper_prep_dataset/train/created_dataset/dump/UExih7oWg4E/1227020.mp3,-0.0764722203835845,noise,"<|0.06|> созданная для того, чтобы искать нефть у берегов Аляски.<|2.46|><|3.06|> После того, как цены на нефть упали,<|4.64|><|5.78|> это стало, как говорится, ни о чем.<|7.32|><|7.46|> Этой платформой стали искать применение.<|9.38|><|9.46|> Она стала платформой Малекпак.<|10.96|><|11.54|> У берегов Сахалина.<|12.80|><|12.94|> Малекпак – это на языке эскимосов аляскинских.<|15.96|><|16.06|> Большая волна.<|16.76|><|17.00|> Это не слово из языка орочий.<|19.66|><|21.20|> То есть, сказал бы следовать, а это circumstantial evidence.<|24.48|><|25.38|> Того, что действительно американцы пострадали.<|27.40|><|27.60|> В том числе, да.<|28.94|>"
541,/workspace/datasets/whisper_prep_dataset/train/created_dataset/dump/X2l-vaKoIBE/1739100.mp3,-0.07576145096258684,term,"<|0.00|> Эта добыча обязательно образом измеряется посредством АГЗУ,<|3.52|><|3.58|> показано здесь слева,<|4.56|><|5.62|> и отправляется в систему сбора.<|7.92|><|8.44|> Система сбора может быть разной конфигурации.<|12.70|><|13.26|> Это может быть лучевая, коллекторная,<|15.34|><|15.44|> то есть как показано справа, разные варианты сбора,<|17.80|><|17.90|> то есть разные трубные системы.<|19.28|><|19.38|> Там на рисунке справа показаны кружочками, соответственно,<|23.66|><|23.76|> такие источники нефти либо газа.<|26.70|><|26.78|> То есть это могут быть одиночные скважины,<|28.34|>"
3,/workspace/datasets/whisper_prep_dataset/train/created_dataset/dump/fhg9L-03uH0/87380.mp3,-0.07563065690919757,term,"<|0.00|> стабильно поступающий из некоторого источника в единицу<|3.28|><|3.28|> времени.<|3.92|><|5.44|> Дебитом скважины называют объем продукции,<|8.26|><|8.36|> добываемой из нее за единицу времени.<|10.62|><|10.62|> Дебит нефтяных скважин измеряется в кубических метрах<|14.62|><|14.62|> либо тоннах в единицу времени – час в сутки.<|17.92|><|18.52|> Статистический метод в основном используют при подсчете запасов<|22.12|><|22.12|> объектов,<|22.74|><|23.10|> находящихся на поздней стадии разработки.<|25.86|>"
888,/workspace/datasets/whisper_prep_dataset/train/created_dataset/dump/YSKJxaTai8o/334980.mp3,-0.07531554340384901,term,"<|0.00|> Месторождение не буду называть, но назову регион.<|2.54|><|2.62|> В Актюбинской области есть небольшое месторождение.<|4.68|><|5.10|> У них вообще там ситуация интересная.<|6.84|><|7.46|> У них такой небольшая залежь нефтяная, да, но там фишка в<|13.06|><|13.06|> чем?<|13.98|><|14.08|> Там сверху газовая шапка, а снизу очень активный аквифер.<|17.90|><|19.06|> Водонапорный.<|19.70|><|19.70|> Да, водонапорный режим.<|21.90|><|22.36|> И, соответственно, там вот эти с вертикальными скважинами<|26.26|><|26.26|> проблемы, да, там прорывы нефти или воды.<|29.56|>"
776,/workspace/datasets/whisper_prep_dataset/train/created_dataset/dump/UExih7oWg4E/1629740.mp3,-0.07456148085960497,term,"<|0.00|> сильно увеличили свою добычу,<|2.56|><|3.12|> и Саудовская Аравия, в общем, ее точно не уменьшала,<|5.08|><|5.08|> скорее увеличивала, и появились новые страны,<|7.22|><|7.30|> которые поставляют нефть.<|9.76|><|10.46|> Нефть не упала в цене.<|11.70|><|11.82|> После многочисленных попыток упасть в цене,<|14.08|><|14.76|> вот то, что было, скажем, в 2014 году,<|17.18|><|17.70|> все равно она возвращалась на уровни,<|20.10|><|20.22|> которые соответствуют себестоимости<|21.66|><|21.66|> самых дорогих производителей,<|24.18|><|24.70|> и все равно она сейчас стоит в диапазоне<|26.40|><|26.40|> 70-100 долларов за баррель.<|28.76|>"
70,/workspace/datasets/whisper_prep_dataset/train/created_dataset/dump/xbrsbYaj-gU/1122200.mp3,-0.0744666182436049,term,"<|0.00|> взаимосвязанных инженерных решений, определяющих объекты<|4.58|><|4.58|> разработки.<|5.12|><|5.54|> Последовательность и темп их разбуривания и обустройства.<|8.84|><|9.38|> Наличие воздействия на пласты с целью извлечения из них нефти<|13.06|><|13.06|> и газа.<|13.86|><|14.28|> Число соотношения и расположения нагнетательных и добывающих<|18.30|><|18.30|> скважин.<|19.26|><|19.86|> Число резервных скважин.<|21.34|><|21.72|> Управление разработкой месторождения, охрану недр и окружающей<|25.12|><|25.12|> среды.<|25.72|><|26.52|> Важная часть создания системы – это выделение объектов<|29.92|>"
1035,/workspace/datasets/whisper_prep_dataset/train/created_dataset/dump/YSKJxaTai8o/4451200.mp3,-0.07420607336929866,term,"<|0.00|> да, водных ресурсов,<|1.72|><|1.72|> Кукжиде называется, и, как сказать, претензия экологов в<|5.92|><|5.92|> том, что месторождения экологически, ну, не экологически<|10.20|><|10.20|> разрабатываются.<|11.84|><|12.30|> Если есть такая технология, что по каждому скважину, по колоннам,<|15.38|><|15.38|> да, то есть это песчаной массив, да, потом есть, наверное,<|18.62|><|18.62|> горизонт, да, водоносные зоны, потом ниже будет уже нефтегазовая,<|23.14|><|23.14|> да, ну, резервуары, залежи.<|26.44|>"
99,/workspace/datasets/whisper_prep_dataset/train/created_dataset/dump/xbrsbYaj-gU/1938680.mp3,-0.07418575657356996,term,"<|0.00|> закачкой.<|0.84|><|1.62|> И вот здесь вы видите компенсация отбора закачкой.<|4.96|><|5.10|> Это отношение объема закачиваемой в пласт воды<|8.74|><|8.74|> к объему отобранной в пластовых условиях жидкости из пласта.<|13.12|><|13.80|> Если компенсация отбора больше или равна единице,<|16.90|><|17.00|> то в залежи устанавливается жесткий водонапорный режим.<|20.30|><|20.90|> Если компенсация отбора закачкой менее единицы,<|24.56|><|25.10|> то упругий водонапорный режим.<|27.12|>"
941,/workspace/datasets/whisper_prep_dataset/train/created_dataset/dump/YSKJxaTai8o/1821620.mp3,-0.073419523026262,term,"<|1.22|> В конце 2023 года перенесли на 2026 год, потому что аргументировали,<|8.36|><|8.36|> что у нас специалистов,<|10.74|><|10.74|> либо там других тоже причин, да, нет, то есть каких-то,<|15.00|><|15.00|> скажем, параметров, которые могли бы способствовать на<|19.60|><|19.60|> работе на новой системе, да,<|21.30|><|21.54|> то есть в основном это специалисты, да, как я понимаю.<|23.50|><|24.14|> Теперь, мы эту тему уже много раз тоже обсуждали в других<|28.04|>"
704,/workspace/datasets/whisper_prep_dataset/train/created_dataset/dump/t0ov4FfyNR0/3835040.mp3,-0.07300187913434845,term,"<|0.00|> кардинально<|0.58|><|0.58|> там свое научное направление,<|1.54|><|1.62|> да,<|1.68|><|1.70|> я же говорил,<|1.98|><|2.04|> я начинал с фундаментальной химии,<|3.24|><|3.92|> а сейчас возглавляю<|5.46|><|5.46|> там направление<|6.82|><|6.82|> нефтегазовых технологий,<|7.78|><|7.84|> да,<|7.90|><|7.96|> то есть тоже,<|8.72|><|9.44|> это на самом деле<|9.98|><|9.98|> очень часто сейчас встречается,<|11.12|><|11.80|> и мы ищем ребят,<|13.04|><|13.14|> именно вот как бы,<|13.70|><|13.70|> вот здесь очень важно<|14.88|><|14.88|> вот посмотреть на тот вызов,<|16.64|><|16.78|> проблему,<|17.04|><|17.18|> который решаешь,<|17.74|><|18.02|> и вот надо увидеть,<|18.76|><|19.36|> какие в этом вызове<|20.24|><|20.24|> есть задачи,<|21.98|><|22.00|> и вот под эти задачи<|22.86|><|22.86|> уже привлекать специалистов,<|24.02|><|24.08|> да,<|24.14|><|24.20|> то есть вот как бы вот<|26.14|><|26.14|> вот у нас была задача,<|28.04|><|28.08|> вот я рассказывал<|28.60|><|28.60|> про технологии тяжелой нефти,<|29.74|><|29.82|> да,<|29.92|>"
454,/workspace/datasets/whisper_prep_dataset/train/created_dataset/dump/EiFc1LMtrsY/5266660.mp3,-0.07299303412649104,term,<|1.00|> бензин<|2.00|><|2.00|> и газоэли<|3.00|><|3.00|> обычно<|4.00|><|4.00|> являются<|5.00|><|5.00|> побочными продуктами<|6.00|><|6.00|> у них довольно<|7.00|><|7.00|> плохое качество<|8.00|><|8.00|> потому что процесс термический<|9.00|><|9.00|> а значит<|10.00|><|10.00|> в получившихся продуктах<|11.00|><|11.00|> достаточно много<|12.00|><|12.00|> алкенов<|13.00|><|13.00|> олефинов то есть<|14.00|><|14.00|> и диеновых углеводородов<|15.00|><|15.00|> эти углеводороды<|17.00|><|17.00|> достаточно<|18.00|><|18.00|> нежелательны<|19.00|><|19.00|> в топливах<|20.00|><|20.00|> потому что они<|21.00|><|21.00|> имеют очень<|22.00|><|22.00|> низкую<|23.00|><|23.00|> термостабильность<|24.00|><|24.00|> из-за<|25.00|><|25.00|> высокой реакционной<|26.00|><|26.00|> способности<|27.00|><|27.00|> соответственно<|28.00|><|28.00|> их стараются удалять<|29.00|><|29.00|> кроме того<|30.00|>
876,/workspace/datasets/whisper_prep_dataset/train/created_dataset/dump/YSKJxaTai8o/0.mp3,-0.07291678302975085,term,"<|0.00|> Мы же будем обсуждать именно лучшие практики нефтегазовой<|5.28|><|5.28|> серы.<|5.70|><|6.36|> И основные темы я затронул именно по горизонтальному бурению.<|10.92|><|11.18|> Озвучили 14 километров горизонтального бурения.<|14.24|><|14.66|> Наверное, это сейчас не как rocket science.<|16.30|><|16.74|> Это то, что самое популярное.<|18.80|><|19.44|> Технологии, которые используются по всему миру.<|21.92|><|22.44|> И с ГРП, гидроразрыв пласта.<|24.66|><|24.92|> Что это такое?<|25.48|>"
463,/workspace/datasets/whisper_prep_dataset/train/created_dataset/dump/EiFc1LMtrsY/5536660.mp3,-0.07288207242963836,term,<|0.00|> кокс оттуда выгружается<|1.00|><|1.00|> гидродолотом<|2.00|><|2.00|> то есть сверху<|3.00|><|3.00|> опускается специальная<|4.00|><|4.00|> штанга в которой<|5.00|><|5.00|> под давлением<|6.00|><|6.00|> под высоким давлением<|7.00|><|7.00|> подается вода<|8.00|><|8.00|> и вода просто как<|9.00|><|9.00|> резак такой<|10.00|><|10.00|> удаляет просто<|12.00|><|12.00|> весь кокс<|13.00|><|13.00|> из<|15.00|><|15.00|> этой камеры<|16.00|><|16.00|> то есть такое бурение<|17.00|><|17.00|> водой происходит<|19.00|><|19.00|> кроме этих процессов<|21.00|><|21.00|> есть еще термический<|22.00|><|22.00|> крекинг<|23.00|><|23.00|> который в принципе<|24.00|><|24.00|> направлен на получение<|25.00|><|25.00|> топлив<|26.00|><|26.00|> топливных фракций<|27.00|><|27.00|> из остаточных<|28.00|><|28.00|> но он<|29.00|><|29.00|> практически уже<|30.00|>
531,/workspace/datasets/whisper_prep_dataset/train/created_dataset/dump/X2l-vaKoIBE/1456120.mp3,-0.07254908103237136,term,"<|0.00|> Два самых распространенных способа показаны с левой стороны<|2.84|><|2.84|> слайда.<|3.50|><|3.66|> Это штанговый глубинный насос, рассчитан на более низкодебитные<|8.52|><|8.52|> скважины,<|9.34|><|9.86|> и электроцентробежный насос, который находится посредине.<|12.64|><|12.64|> На самом деле, при конструктивных различиях,<|16.86|><|16.92|> то есть один является объемным насосом, второй является динамическим<|19.90|><|19.90|> скважинным насосом,<|20.94|><|21.28|> по большому счету, сама философия, а именно повышение давления,<|25.12|><|25.26|> придание дополнительного напора, она у них абсолютно одинаковая.<|28.64|>"
418,/workspace/datasets/whisper_prep_dataset/train/created_dataset/dump/EiFc1LMtrsY/4185660.mp3,-0.07245957164559513,term,<|0.00|> оттуда<|1.00|><|1.00|> в вакуумной колонне<|3.00|><|3.00|> отделяются<|4.00|><|4.00|> опять же<|6.00|><|6.00|> вакуумные фракции<|7.00|><|7.00|> их выделяется<|8.00|><|8.00|> несколько<|9.00|><|9.00|> которые если они идут<|10.00|><|10.00|> на производство<|11.00|><|11.00|> масел<|12.00|><|12.00|> либо одна фракция<|13.00|><|13.00|> боковая<|14.00|><|14.00|> которая называется<|15.00|><|15.00|> вакуумным газойлем<|16.00|><|16.00|> стилятом<|17.00|><|17.00|> этот в этом случае<|18.00|><|18.00|> если фракции<|19.00|><|19.00|> разбирается одна<|20.00|><|20.00|> как правило<|21.00|><|21.00|> эта фракция<|22.00|><|22.00|> служит сырьем для<|23.00|><|23.00|> гидрокрекинга<|24.00|><|24.00|> или каталитического крекинга<|25.00|><|25.00|> то есть для вторичных<|26.00|><|26.00|> процессов<|27.00|><|27.00|> деструктивных<|28.00|><|28.00|> которые позволяют<|29.00|><|29.00|> получать<|30.00|>
63,/workspace/datasets/whisper_prep_dataset/train/created_dataset/dump/xbrsbYaj-gU/927460.mp3,-0.0711867568665184,term,"<|0.00|> продуктами внутрипластового горения нефти.<|2.46|><|3.18|> Кроме этих методов внедряют в практику цикличное заводнение,<|6.76|><|7.54|> изменение направлений фильтрационных потоков жидкости в пласте,<|10.98|><|11.70|> нагнетание воды при высоких давлениях,<|14.30|><|14.30|> сформированный отбор жидкости, микробиологическое воздействие<|17.74|><|17.74|> на нефтяной пласт и так далее.<|19.30|><|20.12|> Эксплуатация нефтяных скважин ведется фонтанным, газлифтным<|23.62|><|23.62|> и насосным или насосным способом.<|25.62|>"
97,/workspace/datasets/whisper_prep_dataset/train/created_dataset/dump/xbrsbYaj-gU/1883560.mp3,-0.07072874451322216,term,"<|0.00|> вследствие неравенства количества отобранной жидкости, нефти,<|5.92|><|5.92|> воды<|6.58|><|6.58|> и споркшейся в залежь воды.<|10.44|><|11.74|> И вот режим характеризуется несущественным снижением пласта<|16.34|><|16.34|> давления<|17.40|><|17.40|> и постоянным сокращением контура нефтяносности.<|21.46|><|22.64|> Далее мы рассмотрим искусственно водонапорный режим.<|25.74|>"
719,/workspace/datasets/whisper_prep_dataset/train/created_dataset/dump/UExih7oWg4E/0.mp3,-0.07008554670028389,noise,"<|0.00|> Добрый день! Я, как обычно, Андрей Мовчан. Мы продолжаем<|8.04|><|8.04|> наш цикл программ, записывает наш<|10.20|><|10.20|> цикл программ «Экономика будущего». Сегодня мы встречаемся<|14.88|><|14.88|> с человеком, которого давно я хорошо<|16.96|><|16.96|> знаю, давно я много читаю, по одной вполне специфической<|21.52|><|21.52|> теме, по теме, на тему которой,<|25.36|><|25.36|> простите за мой французский, существует огромное количество<|28.78|>"
108,/workspace/datasets/whisper_prep_dataset/train/created_dataset/dump/xbrsbYaj-gU/2197960.mp3,-0.0700595227535814,term,"<|0.00|> и так далее.<|1.50|><|8.42|> Так вот, объект и система разработки,<|12.06|><|12.12|> да, как мы уже сказали,<|13.20|><|13.38|> что нефтяные, нефтегазовые месторождения<|15.98|><|15.98|> это скопление углеводорода<|17.96|><|17.96|> в земной коре,<|18.80|><|19.26|> приуроченный к одной или нескольким<|21.06|><|21.06|> локализованным геологическим структурам,<|23.40|><|23.72|> то есть структурам, находящимся<|24.92|><|24.92|> вблизи одного и того же географического пункта.<|27.48|><|27.48|> А залежи называются<|29.44|>"
1018,/workspace/datasets/whisper_prep_dataset/train/created_dataset/dump/YSKJxaTai8o/3968400.mp3,-0.06966846134413832,term,"<|0.00|> То есть, это реальная отдача, да?<|1.88|><|1.88|> Качественные данные.<|2.66|><|3.48|> Качественные данные, это прямой замер.<|5.20|><|5.84|> Второй момент.<|6.54|><|6.76|> Бывает так, что ты обязан закрыть скважину на КВД.<|10.44|><|11.24|> Ну, это кривое восстановление давления.<|13.50|><|13.52|> То есть, замерить пластовое давление.<|14.90|><|15.46|> И, по идее, ты там должен выдержать определенный период<|18.20|><|18.20|> времени.<|19.02|><|19.20|> Но, имея данные в реальном режиме времени, ты можешь<|22.00|><|22.00|> сделать эту интерпретацию, чтобы вот там…<|24.84|><|24.84|> Кейейдж, надо полку выйти.<|26.14|><|26.76|> Продукт проницаемости умножен на мощность.<|28.74|><|28.94|> Там главное вот это.<|29.68|>"
550,/workspace/datasets/whisper_prep_dataset/train/created_dataset/dump/X2l-vaKoIBE/1991460.mp3,-0.06943745716390284,term,"<|0.00|> То есть рассмотрение всего процесса разработки, как мы с<|3.86|><|3.86|> вами сейчас посмотрели мельком,<|5.32|><|5.70|> от геологии и пласта до системы подготовки и сбыта.<|11.82|><|12.18|> Все в единую модель упакованное позволяет искать не отдельные<|15.76|><|15.76|> экстремумы по каждому элементу в отдельности,<|18.74|><|19.20|> а, собственно, позволяет найти экстремум общей модели целиком,<|22.68|><|22.88|> а это зачастую бывают две большие разницы.<|24.90|><|25.40|> Цифровые двойники позволяют значительным образом снижать геологические<|29.12|>"
496,/workspace/datasets/whisper_prep_dataset/train/created_dataset/dump/X2l-vaKoIBE/473960.mp3,-0.06914425557479262,term,"<|0.00|> в которые эти нефть и газ могут попадать.<|5.58|><|8.40|> Мне нужен следующий слайд.<|10.06|><|25.34|> Так, секунду, я не вижу сейчас.<|27.36|>"
278,/workspace/datasets/whisper_prep_dataset/train/created_dataset/dump/DXiVdLBVkIo/115610.mp3,-0.06901066181146437,term,"<|0.00|> распространения.<|1.36|><|2.20|> Нефтесодержащие породы зачастую отличаются между собой такими<|6.40|><|6.40|> физико-химическими свойствами,<|8.28|><|8.68|> как вязкость нефти,<|10.04|><|10.36|> газосодержание,<|11.60|><|12.00|> наличие или отсутствие в составе парафинов,<|14.44|><|14.64|> сероводорода,<|15.48|><|15.88|> смол,<|16.28|><|16.28|> азота.<|17.04|><|17.72|> Пласты, содержащие нефть с различными свойствами,<|20.64|><|21.00|> нецелесообразно объединять в один объект.<|23.40|><|24.12|> Лучше для извлечения продукции в этом случае<|26.68|><|26.68|> применять технологии воздействия на них,<|29.24|>"
412,/workspace/datasets/whisper_prep_dataset/train/created_dataset/dump/EiFc1LMtrsY/4005660.mp3,-0.06846301288654406,noise,<|0.00|> самый первичный<|2.00|><|2.00|> процесс<|3.00|><|3.00|> в котором происходит<|4.00|><|4.00|> не то что<|5.00|><|5.00|> переработку<|6.00|><|6.00|> но подготовка<|7.00|><|7.00|> нефти к дальнейшей<|8.00|><|8.00|> переработке<|9.00|><|9.00|> второй процесс<|10.00|><|10.00|> это атмосферно-вакуумная<|11.00|><|11.00|> перегонка<|12.00|><|12.00|> это<|13.00|><|13.00|> также очень<|14.00|><|14.00|> крупнотоннажный процесс<|15.00|><|15.00|> обычно эти<|16.00|><|16.00|> процессы<|17.00|><|17.00|> комбинируются<|18.00|><|18.00|> с лоу<|19.00|><|19.00|> в одной установке<|20.00|><|20.00|> но не суть<|21.00|><|22.00|> сущность<|23.00|><|23.00|> перегонки нефти<|24.00|><|24.00|> заключается в разделении<|25.00|><|25.00|> на фракциях<|26.00|><|26.00|> специальных<|27.00|><|27.00|> ректификационных<|28.00|><|28.00|> колоннах они вот здесь<|29.00|><|29.00|> обозначены<|30.00|>
457,/workspace/datasets/whisper_prep_dataset/train/created_dataset/dump/EiFc1LMtrsY/5356660.mp3,-0.0684047722897958,term,<|0.00|> обычно в гудронах<|1.00|><|1.00|> содержится<|2.00|><|2.00|> так скажем<|3.00|><|3.00|> асфальтенов<|4.00|><|4.00|> то есть<|5.00|><|5.00|> наиболее таких<|6.00|><|6.00|> тяжелых<|7.00|><|7.00|> полициклических<|8.00|><|8.00|> компонентов<|9.00|><|9.00|> с низким содержанием<|10.00|><|10.00|> водорода<|11.00|><|11.00|> вплоть до 60%<|13.00|><|13.00|> одной<|14.00|><|14.00|> одним из<|15.00|><|15.00|> методов<|16.00|><|16.00|> переработки<|17.00|><|17.00|> таких<|18.00|><|18.00|> компонентов<|19.00|><|19.00|> является получение<|20.00|><|20.00|> из них кокса<|21.00|><|21.00|> то есть в принципе<|22.00|><|22.00|> просто удаление<|23.00|><|23.00|> водорода<|24.00|><|24.00|> с получением<|25.00|><|25.00|> сырья<|26.00|><|26.00|> для дальнейшего<|27.00|><|27.00|> использования<|28.00|><|28.00|> металлургии<|29.00|><|29.00|> коксование<|30.00|>
45,/workspace/datasets/whisper_prep_dataset/train/created_dataset/dump/xbrsbYaj-gU/424340.mp3,-0.06807955763568836,term,"<|0.00|> 1. Интенсивным ростом добычи нефти до максимально заданного<|4.62|><|4.62|> уровня.<|5.12|><|5.74|> Прирост составляет примерно 1-2% в год от балансовых запасов.<|9.90|><|10.34|> 2. Быстрым увеличением действующего фонда скважин от 0,6%<|16.18|><|16.18|> до 0,8% от максимального.<|19.28|><|20.28|> 3. Резким снижением пластового давления.<|23.02|>"
53,/workspace/datasets/whisper_prep_dataset/train/created_dataset/dump/xbrsbYaj-gU/638440.mp3,-0.06796961304332529,term,"<|0.00|> в среднем около 1%, большими темпами отбора жидкости.<|5.04|><|5.04|> Водонефтяные факторы достигают 0,7 кубометр на кубометр.<|13.24|><|14.60|> Высокой, медленно возрастающей обводненностью продукции ежегодный<|19.14|><|19.14|> рост составляет около 1%.<|21.72|><|21.72|> Более резким, чем на третьей стадии уменьшением действующего<|26.04|>"
958,/workspace/datasets/whisper_prep_dataset/train/created_dataset/dump/YSKJxaTai8o/2283730.mp3,-0.06784460036682763,term,"<|0.00|> месторождений, и они все заходят у тебя там где-то на один<|4.00|><|4.00|> УПН, на одну установку подготовки нефти.<|6.96|><|7.76|> То есть, почему бы SP и PRMS, он же как раз объединяет все<|12.62|><|12.62|> месторождения, и как раз параллельно с ним, вместе с ним ты<|17.52|><|17.52|> сможешь сдать проект разработки.<|20.80|><|21.80|> И начать добычу.<|22.52|><|22.60|> И начать добычу, и время – это деньги.<|25.36|>"
20,/workspace/datasets/whisper_prep_dataset/train/created_dataset/dump/WfcldGf1Xoc/328600.mp3,-0.06780196103500202,term,"<|0.00|> Однако, возможно бурение специальной скважины или даже<|3.78|><|3.78|> группы скважин для увеличения охвата воздействием большего<|7.90|><|7.90|> объема нефтенасыщенной части пласта или его слабо проницаемых<|11.82|><|11.82|> зон.<|12.70|><|13.60|> Избирательную систему заводнения применяют при выработке<|17.24|><|17.24|> запасов нефти из сильно неоднородных прерывистых как по<|20.64|><|20.64|> простиранию, так и по толщине коллекторов.<|23.80|><|23.80|> Точки бурения нагнетательных скважин определяют с учетом<|27.40|>"
65,/workspace/datasets/whisper_prep_dataset/train/created_dataset/dump/xbrsbYaj-gU/980900.mp3,-0.06694852664440987,term,"<|0.00|> применением автоматизированных систем управления процессами<|3.28|><|3.28|> излечения полезных ископаемых из недр,<|5.32|><|5.82|> развитием методов детального учета строения пластов и<|9.22|><|9.22|> характера протекающих в них процессах<|11.24|><|11.24|> на основе детерминированных моделей, реализуемых на мощных<|14.72|><|14.72|> компьютерах.<|15.76|><|17.30|> Разработка нефтяных месторождений – это также самостоятельная,<|21.90|><|21.90|> комплексная область науки<|23.34|><|23.34|> и инженерная дисциплина, которая имеет свои специальные<|26.74|>"
907,/workspace/datasets/whisper_prep_dataset/train/created_dataset/dump/YSKJxaTai8o/870640.mp3,-0.06678761123524359,term,"<|1.12|> Пример.<|1.96|><|4.18|> Месторождение АМПа, это получается, это Бруней.<|8.12|><|8.80|> Есть месторождение Накико, примерно одинаковые...<|13.02|><|13.02|> То есть, Накико, это Мексиканский залив, там примерно одинаковые<|17.60|><|17.60|> условия были.<|18.54|><|18.70|> То есть, пласты работали на газонапорном режиме.<|24.08|><|24.16|> После того, как газовая шапка истощилась, давление у нас упало.<|27.88|>"
17,/workspace/datasets/whisper_prep_dataset/train/created_dataset/dump/WfcldGf1Xoc/247330.mp3,-0.06623468117322773,term,"<|0.00|> устранить или уменьшить блокировку нагнетаемой воды и повысить<|4.22|><|4.22|> охват пласта воздействием.<|6.20|><|6.96|> Блочное заводнение целесообразно на больших неоконтуренных<|10.44|><|10.44|> месторождениях, когда, по данным разведочных скважин, очевидна<|15.16|><|15.16|> промышленная нефтяносность в районе их расположения.<|18.60|><|18.60|> В этом случае до окончательной разведки месторождения и<|22.44|><|22.44|> определения контуров нефтяносности возможен ускоренный ввод<|26.82|>"
1014,/workspace/datasets/whisper_prep_dataset/train/created_dataset/dump/YSKJxaTai8o/3855760.mp3,-0.06620668520918116,term,"<|0.86|> И мы в процессе эксплуатации не понимаем, какая плотность флюида<|6.52|><|6.52|> у нас, у нас может быть газовая шапка.<|8.52|><|9.86|> Короче, это непрямой замер.<|11.40|><|13.50|> Погрешность большая, да?<|14.60|><|15.02|> Погрешность есть, понимаете?<|16.46|><|16.58|> То есть на уровне давлений там есть погрешность, да?<|20.70|><|21.32|> То есть технологии, вот у нас есть, насколько я знаю, компания<|25.96|><|25.96|> в Казахстане,<|27.34|>"
686,/workspace/datasets/whisper_prep_dataset/train/created_dataset/dump/t0ov4FfyNR0/3241120.mp3,-0.06610463633357237,term,"<|0.44|> буквально там<|0.94|><|0.94|> 100 метров,<|1.54|><|2.14|> и вот иногда<|2.74|><|2.74|> такое случается,<|3.78|><|3.94|> такие называются,<|4.78|><|4.88|> там,<|5.02|><|5.12|> это,<|5.26|><|5.94|> природные гейзеры,<|7.56|><|7.64|> как это выглядит,<|8.24|><|8.24|> как это выглядит,<|8.26|><|8.26|> сейчас вам могу рассказать,<|9.58|><|10.02|> на примере,<|10.72|><|10.76|> там,<|10.92|><|11.34|> закачки водяного пара,<|12.48|><|12.60|> вот,<|12.76|><|12.80|> для тяжелой нефти,<|13.46|><|13.52|> которая находится там<|14.34|><|14.34|> на нескольких десятков метров<|15.32|><|15.32|> глубины,<|15.72|><|16.04|> закачивает водяной пар,<|17.00|><|17.44|> он там под высоким давлением,<|19.00|><|19.12|> с высокой температурой<|20.06|><|20.06|> идет,<|20.30|><|20.42|> идет,<|20.58|><|20.98|> и вдруг,<|21.34|><|21.78|> сверху появляются<|23.78|><|23.78|> какие-то трещины,<|24.44|><|25.02|> и он туда<|25.58|><|25.58|> поднимается вверх,<|26.96|><|27.46|> и вот так вот<|28.14|><|28.14|> можно случайно<|28.86|><|28.86|> сидеть на своем,<|29.62|><|29.68|> так сказать,<|30.00|>"
50,/workspace/datasets/whisper_prep_dataset/train/created_dataset/dump/xbrsbYaj-gU/554820.mp3,-0.06609114666935056,term,"<|0.00|> Третья стадия – значительное снижение добычи нефти.<|5.56|><|5.62|> Вы видели это на графике, которая характеризуется снижением<|9.80|><|9.80|> добычи нефти.<|10.70|><|10.70|> Средним на 10-20% в год при малой вязкости и 3-10% при нефтях<|15.52|><|15.52|> с повышенной вязкости.<|17.40|><|18.30|> Темпом отбора нефти на конец стадии 1-2,5%.<|22.24|><|22.24|> Уменьшением фонда скважины за отключением вследствие обводнения<|26.24|><|26.24|> продукции.<|27.14|>"
948,/workspace/datasets/whisper_prep_dataset/train/created_dataset/dump/YSKJxaTai8o/2017720.mp3,-0.0659382845115033,term,"<|0.00|> Он считает объемный метод, и он может…<|2.68|><|2.68|> Усреднить.<|3.24|><|4.02|> Усреднить и поднять запасы, да.<|6.38|><|6.96|> И тут уже…<|7.78|><|7.78|> Или упростить, да.<|8.64|><|8.84|> Да, упростить, и тут идет увеличение уже на уровне объемов.<|12.32|><|12.48|> Да.<|12.60|><|13.16|> Второй вопрос – это КИН, коэффициент извлечения нефти.<|16.70|><|17.58|> То есть, для зрелых месторождений он может быть завышен.<|22.02|><|22.02|> Я почему говорю, потому что вот у меня перед глазами два<|25.84|><|25.84|> коллектора, двух с разных проектов, оба тиригенные коллектора,<|29.14|>"
547,/workspace/datasets/whisper_prep_dataset/train/created_dataset/dump/X2l-vaKoIBE/1907860.mp3,-0.06589775099807109,term,"<|0.00|> потерять, достаточно сложно.<|1.82|><|2.52|> Баженовская свита, это, по сути, нефтематеринская порода изначально,<|6.52|><|6.58|> которая изначально считалась неколлектором.<|8.66|><|9.28|> Сейчас уже находятся пути и подходы для того, чтобы ее разрабатывать.<|14.66|><|15.14|> Горизонтальные скважины с гидравлическим разрывом пласта<|17.92|><|17.92|> видятся одним из ключевых моментов для того, чтобы разрабатывать<|21.54|><|21.54|> это.<|22.02|><|22.56|> Ащимовские отложения, это наш север.<|24.90|>"
419,/workspace/datasets/whisper_prep_dataset/train/created_dataset/dump/EiFc1LMtrsY/4215660.mp3,-0.06538462701137178,term,<|0.00|> более легкие<|1.00|><|1.00|> продукты из масла<|2.00|><|2.00|> а снизу<|3.00|><|3.00|> вакуумной колонны<|4.00|><|4.00|> отводится гудрон<|5.00|><|5.00|> самая тяжелая фракция<|6.00|><|6.00|> с температурой<|7.00|><|7.00|> начала кипения<|8.00|><|8.00|> если пересчитать<|9.00|><|9.00|> на атмосферное<|10.00|><|10.00|> давление<|11.00|><|11.00|> свыше<|12.00|><|12.00|> 500-550 градусов<|14.00|><|14.00|> соответственно<|16.00|><|16.00|> разделяются<|17.00|><|17.00|> они обычно по блокам<|18.00|><|18.00|> то есть<|19.00|><|19.00|> там где<|20.00|><|20.00|> без вакуума<|21.00|><|21.00|> там где<|22.00|><|22.00|> при атмосферном или повышенном<|23.00|><|23.00|> давлении<|24.00|><|24.00|> перегонка<|25.00|><|25.00|> это атмосферная трубчатка<|26.00|><|26.00|> АТ так называемая<|27.00|><|27.00|> вакуумный<|29.00|><|29.00|> весь блок<|30.00|>
1036,/workspace/datasets/whisper_prep_dataset/train/created_dataset/dump/YSKJxaTai8o/4478360.mp3,-0.06537284798396285,term,"<|0.00|> Если скважина, колоннам так изолирована, и она мониторится<|2.98|><|2.98|> сверху, да, постоянным образом, да, периодически, да, если<|6.32|><|6.32|> нет никаких нарушений,<|7.44|><|8.12|> можем ли мы думать, что месторождение не загрязняет массив<|13.10|><|13.10|> и разрабатывается экологически, вот, ну, потому что используют<|18.52|><|18.52|> последние технологии,<|19.80|><|20.18|> и у вас бизнес-процесс уже, ну, налажено, да, что вы<|23.40|><|23.40|> постоянно мониторите, и люди имеют компетенцию, да, и квалификацию,<|28.14|><|28.14|> чтобы мониторить.<|29.90|>"
66,/workspace/datasets/whisper_prep_dataset/train/created_dataset/dump/xbrsbYaj-gU/1007640.mp3,-0.0652844412252307,term,"<|0.00|> разделы, связанные с учением о системах и технологиях<|4.22|><|4.22|> разработки месторождений, планированием и реализацией основного<|8.50|><|8.50|> принципа разработки,<|9.46|><|9.94|> проектированием и регулированием разработки месторождений.<|13.58|><|14.32|> Так вот, наукой о разработке нефтяных месторождений<|19.26|><|19.26|> называют осуществление научно-обоснованного излечения из<|22.66|><|22.66|> недр,<|22.96|><|23.02|> содержащих в них углеводородов и сопутствующих им полезных<|26.42|><|26.42|> ископаемых.<|27.32|>"
1007,/workspace/datasets/whisper_prep_dataset/train/created_dataset/dump/YSKJxaTai8o/3654630.mp3,-0.06474084818910342,term,"<|0.00|> сказать, это ноу-хау, Роксар, допустим, да?<|4.28|><|4.52|> Мультифазный расходомер.<|5.96|><|7.28|> Если на начальном этапе там скважины давали в среднем 200-300<|12.64|><|12.64|> кубов в сутки, да, обводненность низкая, спустя 10 лет там<|17.28|><|17.28|> добыча упала, совершенно газовый фактор изменился.<|21.80|><|23.04|> Мультифазный расходомер, они уже не соответствуют существующим<|26.28|><|26.28|> реалиям.<|26.88|>"
116,/workspace/datasets/whisper_prep_dataset/train/created_dataset/dump/xbrsbYaj-gU/2429820.mp3,-0.06459463515784591,term,"<|0.00|> излечения нефти из метра<|1.28|><|1.28|> при данной<|2.20|><|2.20|> системе разработки<|3.06|><|3.06|> нефтиного<|3.46|><|3.46|> месторождения<|5.24|><|5.24|> взаимосвязаны.<|6.78|><|7.38|> Нельзя,<|7.86|><|8.06|> например,<|8.30|><|8.42|> произвольно<|9.04|><|9.04|> задавать перепады давления,<|10.50|><|10.92|> пластовое давление,<|11.76|><|11.90|> добычу жидкости<|12.74|><|12.74|> и расход<|13.56|><|13.56|> заканчиваемых<|14.28|><|14.28|> пласт веществ.<|15.00|><|15.44|> Изменение<|16.02|><|16.02|> одних показателей<|17.12|><|17.12|> может повлечь<|18.10|><|18.10|> за собой<|18.48|><|18.48|> изменение<|18.98|><|18.98|> других.<|19.46|><|20.14|> Взаимосвязь<|20.66|><|20.66|> показателей<|21.18|><|21.18|> разработки<|21.80|><|21.80|> следует<|22.20|><|22.20|> учитывать<|22.72|><|22.72|> в расчетной<|23.58|><|23.58|> модели<|23.94|><|23.94|> разработки<|24.60|><|24.60|> нефтяного<|25.06|><|25.06|> месторождения.<|25.74|><|26.46|> И если<|26.82|><|26.82|> одни<|27.54|><|27.54|> из показателей<|28.42|><|28.42|> заданы,<|28.98|><|29.30|> то другие<|29.84|>"
1090,/workspace/datasets/whisper_prep_dataset/train/created_dataset/dump/xhaoJXvEuRk/198470.mp3,-0.06426736645932708,term,"<|0.00|> сепарации, отбирается в газосборную сеть под давлением узла<|4.46|><|4.46|> сепарации.<|5.56|><|6.68|> Четвертый элемент включает участок от дожимных насосных<|10.32|><|10.32|> станций до установки комплексной подготовки нефти.<|13.92|><|13.92|> В некоторых нефтяных регионах такой узел называют центральный<|18.84|><|18.84|> пункт сбора продукции – ЦПС.<|21.32|><|22.48|> Элемент номер 5 затрагивает участок от дожимных насосных<|25.92|>"
25,/workspace/datasets/whisper_prep_dataset/train/created_dataset/dump/WfcldGf1Xoc/470700.mp3,-0.06420556723605841,term,"<|0.00|> Контроль и регулирование эксплуатации залежи сводится к равномерному<|4.54|><|4.54|> стягиванию водонефтяного и газонефтяного контактов, а также<|8.60|><|8.60|> к рациональному расходованию пластовой энергии.<|12.30|><|12.76|> При этом очень важно, чтобы в зоне замещения нефти обеспечивался<|16.80|><|16.80|> высокий коэффициент нефтеотдачи пластам.<|19.82|><|19.88|> Равномерное стягивание контуров нефтяносности достигается<|23.92|><|23.92|> надлежащим размещением нефтедобывающих и нагнетательных скважин<|28.30|>"
976,/workspace/datasets/whisper_prep_dataset/train/created_dataset/dump/YSKJxaTai8o/2788200.mp3,-0.06407216343690049,question,"<|0.00|> То есть при достижении этого давления у нас что происходит?<|2.04|><|2.10|> У нас происходит авария какая-то.<|3.92|><|3.94|> Утечка скважины.<|4.48|><|4.48|> Утечка, да.<|5.22|><|5.56|> Соответственно, есть методики расчета, при каких случаях у<|10.44|><|10.44|> нас происходит заклонный переток, при каких случаях у нас<|14.80|><|14.80|> происходит смятие колонны, при каких случаях у нас<|17.24|><|17.24|> происходит разрыв колонны.<|18.66|><|18.66|> То есть эти методики, проведя расчеты по этим методикам,<|23.54|><|23.54|> можно определить сценарий, который нас ожидает.<|27.70|>"
369,/workspace/datasets/whisper_prep_dataset/train/created_dataset/dump/EiFc1LMtrsY/2739380.mp3,-0.06404228857718408,term,<|1.38|> еще раз напомню обобщенную схему нефтеперерабатывающего завода<|5.94|><|7.32|> перейдем дальше<|9.32|><|10.14|> как я уже говорил все фракции прежде всего в нефтяк делится<|14.32|><|14.32|> по температурам кипения<|15.88|><|16.82|> температура кипения естественно коррелирует с количеством атома<|19.32|><|19.32|> углерода в молекулах и вы можете здесь примерно видеть<|23.62|><|24.12|> распределение по атомам углерода то есть бензиновая фракция<|26.92|><|26.92|> это 512 атомов углерода<|29.32|>
104,/workspace/datasets/whisper_prep_dataset/train/created_dataset/dump/xbrsbYaj-gU/2082400.mp3,-0.0639947113684482,term,"<|0.80|> Жесткий газонапорный режим возможен только при непрерывной<|4.20|><|4.20|> закачке<|4.54|><|4.54|> газовой шапки достаточного количества газа.<|7.34|><|9.44|> Гравитационный режим развивается при полном истощении всех<|12.84|><|12.84|> видов энергии.<|13.64|><|14.10|> Нефть из пласта под действием гравитации,<|16.18|><|16.26|> то есть сила тяжести падает на забой скважины,<|18.30|><|18.38|> после чего ее извлекают.<|19.68|><|20.10|> Выделяет такие его разновидности,<|21.84|><|22.08|> как гравитационный режим с перемещающимся<|24.56|><|24.56|> контуром нефтяносности,<|26.04|><|26.46|> напор на гравитационный,<|27.76|>"
2,/workspace/datasets/whisper_prep_dataset/train/created_dataset/dump/fhg9L-03uH0/58160.mp3,-0.06397540735714655,term,"<|0.00|> коэффициент, учитывающего усадку нефти.<|2.46|><|3.22|> Статистический метод основан на статистических связях<|7.00|><|7.00|> между предыдущими и последующими дебитами скважин.<|10.82|><|11.38|> Путем построения кривых производительности<|13.82|><|13.82|> определяется темп падения дебита<|16.02|><|16.02|> от начала до конца рентабельной жизни скважин.<|19.24|><|19.70|> Тем самым устанавливается суммарная добыча по скважинам.<|23.26|><|23.88|> Дебит от французского сбыт, расход – это объем жидкости или<|28.36|><|28.36|> газа,<|28.96|>"
523,/workspace/datasets/whisper_prep_dataset/train/created_dataset/dump/X2l-vaKoIBE/1227600.mp3,-0.06378847742194517,term,"<|0.00|> Делается это при помощи отнесения к сейсмике, то есть<|2.80|><|2.80|> некоторые сейсмические поверхности,<|4.20|><|4.34|> результат интерпретации сейсмики.<|5.76|><|6.34|> То, что показано на слайде слева.<|8.86|><|9.34|> Мы получаем некоторую структурную сетку, как она показана<|12.72|><|12.72|> на слайде справа.<|14.22|><|14.60|> И эта структурная сетка дальше насыщается свойствами, путем<|17.64|><|17.64|> распространения этих свойств,<|19.02|><|19.40|> в пространстве между скважинами.<|21.20|><|21.44|> Но это тоже отображено справа.<|22.78|><|25.34|> После того, как мы построили геологическую модель, нам<|28.32|>"
449,/workspace/datasets/whisper_prep_dataset/train/created_dataset/dump/EiFc1LMtrsY/5117660.mp3,-0.0637122054791285,noise,<|0.00|> достаточно много<|1.00|><|1.00|> различных реакторов<|2.00|><|2.00|> применяется<|3.00|><|4.00|> рассматривая<|5.00|><|5.00|> в дальнейшем<|6.00|><|6.00|> любой<|7.00|><|7.00|> новый процесс<|8.00|><|8.00|> мы с вами будем<|9.00|><|9.00|> рассматривать<|10.00|><|10.00|> и те реактора<|11.00|><|11.00|> которые там используются<|12.00|><|14.00|> далее<|15.00|><|15.00|> перейдем потихоньку<|16.00|><|16.00|> к термическим процессам<|18.00|><|18.00|> мы сейчас<|20.00|><|20.00|> достаточно быстро<|21.00|><|21.00|> их пройдем<|22.00|><|22.00|> просто потому что<|23.00|><|23.00|> основная часть<|24.00|><|24.00|> курса у нас будет<|25.00|><|25.00|> посвящена процессом<|26.00|><|26.00|> именно каталитическим<|27.00|><|27.00|> потому что их просто<|28.00|><|28.00|> ну<|29.00|><|29.00|> гораздо больше<|30.00|>
1087,/workspace/datasets/whisper_prep_dataset/train/created_dataset/dump/xhaoJXvEuRk/112080.mp3,-0.06363672943552956,term,"<|0.00|> и герметизации отдельных зон скважин.<|2.32|><|2.88|> 18. Продуктивный пласт. Здесь осуществляется закачка воды<|7.80|><|7.80|> для цели поддержания пластового давления.<|10.78|><|12.26|> Технологическая модель современной системы сбора промысловой<|15.44|><|15.44|> продукции, транспорта и подготовки нефти и воды<|19.08|><|19.08|> состоит из 9 элементов. Рассмотрим каждый из них в отдельности.<|24.28|><|25.40|> Элемент 1. Это участок от устья, добывающих скважин, до<|29.26|>"
804,/workspace/datasets/whisper_prep_dataset/train/created_dataset/dump/UExih7oWg4E/2419300.mp3,-0.06361690603304081,question,"<|0.00|> Возможно это или невозможно?<|1.22|><|1.52|> В какой степени это вообще может развиваться?<|3.80|><|4.56|> Наверное, это будет происходить каким-то темпом, хотя,<|9.04|><|9.04|> опять-таки, основной прирост спроса на нефть в прогнозах<|12.64|><|12.64|> довольно многих специализированных агентств, исследовательских<|17.36|><|17.36|> организаций, я работал в одной из таких 10 лет назад,<|20.22|><|20.22|> несколько лет, СИРа тогда называлась, все-таки говорилось,<|26.56|>"
233,/workspace/datasets/whisper_prep_dataset/train/created_dataset/dump/C8QuQzgiBmY/2703640.mp3,-0.06325742443524567,question,"<|0.00|> подэтапы.<|0.74|><|2.46|> Вот<|2.80|><|2.80|> приблизительно<|3.42|><|3.42|> пример<|4.04|><|4.04|> совмещенной<|5.42|><|5.42|> вкладки.<|6.18|><|6.34|> То есть,<|6.62|><|7.08|> стоит<|7.52|><|7.52|> кран<|11.02|><|11.02|> трубоукладчик,<|11.98|><|12.44|> стоит<|12.88|><|12.88|> изоляционная<|13.78|><|13.78|> машина,<|14.10|><|14.24|> стоит<|14.48|><|14.48|> очистная<|14.94|><|14.94|> машина.<|15.38|><|15.48|> И вот<|15.64|><|15.64|> они как<|16.08|><|16.08|> идут,<|16.44|><|16.56|> как единый<|17.30|><|17.30|> конвейер<|17.78|><|17.78|> подготавливает<|18.72|><|18.72|> трубопровод<|20.14|><|20.14|> для<|20.28|><|20.28|> укладки.<|20.78|><|21.36|> Когда<|21.70|><|21.70|> мы<|21.92|><|21.92|> говорим<|22.44|><|22.44|> про<|22.80|><|22.80|> раздельный<|23.68|><|23.68|> способ,<|24.34|><|24.92|> здесь<|25.30|><|25.30|> идея<|26.28|><|26.28|> в том,<|26.60|><|26.74|> что<|27.22|><|27.22|> этапы<|28.30|><|28.30|> изоляции<|29.52|>"
878,/workspace/datasets/whisper_prep_dataset/train/created_dataset/dump/YSKJxaTai8o/56260.mp3,-0.06324422899633646,term,"<|0.00|> То есть, объем нетрадиционной нефти был 10% до 2008 года.<|7.30|><|8.22|> После 2008 года у нас это датируется сланцевый бум.<|11.44|><|11.90|> Где уже начинают использовать технологию горизонтального бурения.<|16.60|><|16.78|> Ну, интенсивно.<|18.30|><|18.52|> И с ГРП смогли долю нетрадиционной нефти увеличить до 70%.<|23.28|>"
301,/workspace/datasets/whisper_prep_dataset/train/created_dataset/dump/EiFc1LMtrsY/543180.mp3,-0.063179160351865,term,"<|0.00|> кипения 140-250 градусов.<|2.08|><|4.00|> Она захватывает часть, бензиновая часть дизельной фракции,<|6.18|><|6.18|> она представляет собой такую среднюю фракцию, используется<|9.84|><|9.84|> для производства авиационных топлив.<|12.54|><|12.54|> Дизельная фракция выкипает в интервале температур 200-350<|17.30|><|17.30|> градусов, при этом различают обычно летнюю дизельную фракцию,<|21.60|><|21.60|> зимнюю дизельную фракцию, ну, для производства соответствующих<|25.90|><|25.90|> топлив.<|26.88|>"
807,/workspace/datasets/whisper_prep_dataset/train/created_dataset/dump/UExih7oWg4E/2501450.mp3,-0.0628332415778589,question,"<|0.00|> изменяться, но это очень небыстрый процесс.<|3.52|><|3.64|> Второй вопрос, если европейские правительства активно декарбонизируются,<|8.20|><|8.20|> скажите, что будет с этими автомобилями и что будет с<|10.92|><|10.92|> автомобильными заводами, которые в огромном количестве стоят<|14.44|><|14.44|> в Европе, в Америке?<|15.92|><|16.24|> Они становятся морально устаревшими, так ведь?<|19.12|><|19.56|> Ну, они будут электромобили выпускать, так говорит банальная<|22.26|><|22.26|> эрудиция.<|23.00|><|23.12|> Да не факт, потому что, ну, как бы заводы-то, может, и<|25.88|><|25.88|> будут, но производственные линии, очень многие, заточены не<|29.00|>"
297,/workspace/datasets/whisper_prep_dataset/train/created_dataset/dump/EiFc1LMtrsY/430920.mp3,-0.06276551820337772,term,"<|0.00|> Прежде всего, из нефти получается моторное топливо, причем<|5.20|><|5.20|> среднее топливо, дизельное топливо и керосин, это<|8.76|><|8.76|> получается примерно 50-500 килограмм на тонну нефти.<|12.50|><|13.08|> Бензина получается примерно 300 килограмм, оставшиеся составляют<|16.80|><|16.80|> смазочные масла, котельное топливо, кокс и битумы.<|19.80|><|20.16|> Ну, от котельного топлива постепенно отказываются, но, тем<|22.60|><|22.60|> не менее, совсем в ноль его сводить нельзя, потому что оно<|25.16|><|25.16|> используется, на него есть спрос.<|27.06|>"
758,/workspace/datasets/whisper_prep_dataset/train/created_dataset/dump/UExih7oWg4E/1109560.mp3,-0.06242070425651036,question,"<|0.00|> 25 долларов, а выручаешь за нее 35, это все равно выгодно.<|4.00|><|4.00|> Потому что 10 долларов получаешь в карман, даже если твоя<|7.52|><|7.52|> общая себестоимость 45.<|9.16|><|10.46|> И вот это надо учитывать.<|11.94|><|12.62|> И поэтому именно цена на нефть может быть значительно более<|14.92|><|14.92|> волатильна, чем кажется иногда.<|16.84|><|17.38|> Потому что даже те же самые американцы, у которых полная<|19.08|><|19.08|> себестоимость ланцевой нефти сейчас там сколько, 45, 46?<|22.12|><|22.30|> Ну, больше.<|22.84|><|22.96|> Даже больше.<|23.74|><|23.74|> Опять же, смотря какой, да, там есть широкий график.<|26.54|><|26.54|> Нельзя смотреть в среднем, да, смотрите.<|27.98|>"
49,/workspace/datasets/whisper_prep_dataset/train/created_dataset/dump/xbrsbYaj-gU/529220.mp3,-0.06239517296974858,term,"<|0.00|> Наконец, стадия обводненности скалеблется от нескольких до<|4.48|><|4.48|> 65%.<|5.00|><|5.00|> Отключением небольшой части скважин из-за обводнения и привода<|9.52|><|9.52|> многих на механизированный способ добычи нефти.<|12.58|><|13.06|> Текущим коэффициентом нефтеотдачи, составляющим к концу стадии,<|17.84|><|17.84|> 30-50%, а для месторождения с пиком добычи 10-15%.<|25.60|>"
875,/workspace/datasets/whisper_prep_dataset/train/created_dataset/dump/4bvskQiMpbE/363460.mp3,-0.062266284289459385,noise,"<|0.00|> альтитуд дает схему рельефа поверхности.<|4.02|><|4.02|> Спасибо за внимание! Ставьте лайки, подписывайтесь на канал.<|8.32|><|8.32|> Также, если<|8.84|><|8.84|> вы хотите выбрать интересующую вас тему или нашли неточности<|13.02|><|13.02|> в залагаемом материале, пишите в группе социальной сети ВКонтакте.<|17.10|>"
33,/workspace/datasets/whisper_prep_dataset/train/created_dataset/dump/xbrsbYaj-gU/85460.mp3,-0.06200458315600242,term,"<|0.00|> Иногда применяется шахтная добыча нефти.<|2.86|><|7.06|> Под системой разработки нефтяных месторождений и залежей<|11.28|><|11.28|> понимает форму организации движения нефти в пластах к добывающим<|15.50|><|15.50|> скважинам.<|16.50|><|17.44|> Систему разработки нефтяных месторождений определяют, как<|20.84|><|20.84|> порядок ввода эксплуатационных объектов многопластового месторождения<|25.20|><|25.20|> в разработку.<|26.32|>"
175,/workspace/datasets/whisper_prep_dataset/train/created_dataset/dump/C8QuQzgiBmY/1063850.mp3,-0.06181194053285501,term,"<|0.00|> нужд<|0.48|><|0.48|> в рамках ограниченной территории.<|2.40|><|2.56|> Соединить там между собой скважины и какой-то резервуар в рамках<|7.44|><|7.44|> промысла.<|8.28|><|8.36|> Соединить между собой какие-то резервуары в рамках нефтебазы<|11.22|><|11.22|> и так далее.<|12.12|><|12.48|> Это внутренние.<|13.32|><|13.72|> Местные нефтепроводы, они соединяют различные элементы транспортной<|18.38|><|18.38|> цепочки.<|18.96|><|19.08|> Например, нефтепромысел и насосные станции магистрального<|22.92|><|22.92|> нефтепровода.<|24.12|><|24.12|> То есть, грубо говоря, есть у вас основная ветка нефтепровода,<|28.08|>"
173,/workspace/datasets/whisper_prep_dataset/train/created_dataset/dump/C8QuQzgiBmY/1005720.mp3,-0.061721972056797574,term,"<|0.00|> который, на котором делается нередко акцент.<|4.86|><|5.02|> То есть, и, собственно, в зависимости от того,<|8.56|><|8.98|> насколько ваша нефть либо нефтепродукт в этом направлении<|15.24|><|15.24|> опасны,<|16.22|><|16.28|> ну, допустим, банальный пример, нефть и бензин.<|20.06|><|20.38|> То есть бензин, он на порядок более пожаро- и взрывоопасный,<|22.96|><|22.96|> чем нефть.<|23.40|><|23.90|> То есть, следовательно, из этих соображений<|25.66|><|25.66|> вы проектируете защитные системы,<|27.98|>"
191,/workspace/datasets/whisper_prep_dataset/train/created_dataset/dump/C8QuQzgiBmY/1512860.mp3,-0.06155804148875177,term,"<|0.00|> что мы просто полностью от и до описываем,<|1.84|><|1.94|> как будет строиться трубопровод со всеми тонкостями<|5.24|><|5.24|> технологии.<|6.22|><|6.64|> То есть, по факту, то же самое, что и проект на разработку<|10.24|><|10.24|> месторождения,<|11.52|><|11.60|> то же самое, что и проект на бурение скважины.<|13.48|><|13.60|> То есть, от и до.<|14.46|><|14.92|> Все как по нотам должно расписано быть.<|18.24|><|20.96|> Следующий момент еще, который здесь обязательно является,<|25.54|>"
437,/workspace/datasets/whisper_prep_dataset/train/created_dataset/dump/EiFc1LMtrsY/4755660.mp3,-0.061481458406584956,term,<|0.00|> являются не ароматика<|1.00|><|1.00|> а непосредственно<|2.00|><|2.00|> рафинад<|3.00|><|3.00|> потому что в принципе<|4.00|><|4.00|> ароматические углеводороды<|5.00|><|5.00|> гетероатомные<|6.00|><|6.00|> соединения<|7.00|><|7.00|> именно<|8.00|><|8.00|> ароматические гетероатомные<|9.00|><|9.00|> соединения<|10.00|><|10.00|> они имеют<|11.00|><|11.00|> достаточно плохие<|12.00|><|12.00|> эксплуатационные<|13.00|><|13.00|> характеристики в частности<|14.00|><|14.00|> из за них<|15.00|><|15.00|> у масла<|16.00|><|16.00|> низкая термостабильность<|17.00|><|18.00|> низкий индекс<|19.00|><|19.00|> вязкости то есть<|20.00|><|20.00|> масло в принципе<|21.00|><|21.00|> ароматическое<|22.00|><|22.00|> работает гораздо<|23.00|><|23.00|> более<|24.00|><|24.00|> узком температурном<|25.00|><|25.00|> интервале чем зачастую<|26.00|><|26.00|> необходим<|27.00|><|27.00|> поэтому<|28.00|><|28.00|> ароматический<|29.00|><|29.00|> углеводород из масел<|30.00|>
5,/workspace/datasets/whisper_prep_dataset/train/created_dataset/dump/fhg9L-03uH0/143700.mp3,-0.061428875216127686,term,"<|0.00|> методом<|0.44|><|0.44|> при подсчете запасов в залежах,<|2.62|><|2.96|> работающих при упругом водонапорном и смешанном режимах,<|6.32|><|6.74|> а также при оценке пластов<|8.90|><|8.90|> со значительной элитолуко-физической изменчивостью,<|12.04|><|12.42|> где затруднительно определить среднее значение мощности,<|15.66|><|15.82|> пористости и других параметров, необходимых при использовании<|19.52|><|19.52|> объемного метода.<|20.52|><|21.28|> Конечный коэффициент извлечения нефти, сокращенно КИН,<|24.70|><|25.02|> показывает, какая часть от начальных балансовых запасов<|29.34|>"
1082,/workspace/datasets/whisper_prep_dataset/train/created_dataset/dump/xNblb92WI5w/86040.mp3,-0.061406725352363925,term,"<|0.68|> Нефтегазовая залеж – это залеж, содержащая газовые залежи с<|3.90|><|3.90|> нефтяной оторочкой,<|5.30|><|5.40|> в которой нефтяная часть составляет по объему условного топлива<|9.72|><|9.72|> менее 50%, но более 25%.<|12.28|><|12.28|> Вот и ответ – газо-нефтяное месторождение содержит нефти<|14.74|><|14.74|> больше.<|15.28|><|15.86|> Спасибо за внимание, ставьте лайки, подписывайтесь на канал.<|18.62|>"
848,/workspace/datasets/whisper_prep_dataset/train/created_dataset/dump/UExih7oWg4E/3668600.mp3,-0.06117429876966136,question,"<|0.00|> Поэтому сейчас становится вопросом большой озабоченности,<|2.90|><|2.90|> насколько они хотят от этого зависеть, что с этим можно<|5.74|><|5.74|> сделать.<|6.08|><|6.36|> То есть, да, такой вот четкой определенности и четкого там<|10.68|><|10.68|> ответа, что и как, наверное, нет на будущее.<|13.84|><|13.94|> Его никто и не ждет.<|14.86|><|15.00|> Иначе мы с вами были очень богатыми, если бы мы сдали такие<|17.12|><|17.12|> ответы наперед.<|17.98|><|18.88|> Вот, спасибо.<|19.86|><|20.44|> Спасибо.<|20.74|><|20.90|> На самом деле мы поговорили очень на малое количество тем,<|24.56|><|24.56|> связанных с энергией.<|26.22|><|26.30|> Я же говорил, что пять часов может.<|27.72|>"
335,/workspace/datasets/whisper_prep_dataset/train/created_dataset/dump/EiFc1LMtrsY/1490540.mp3,-0.06094636023044586,term,<|15.74|> Редактор субтитров А.Семкин Корректор А.Егорова<|16.98|>
182,/workspace/datasets/whisper_prep_dataset/train/created_dataset/dump/C8QuQzgiBmY/1255700.mp3,-0.060909099230128855,term,"<|0.00|> Помимо этого, что еще может быть?<|4.10|><|4.28|> Это конечный пункт, то есть, куда мы качаем нефть, допустим,<|7.74|><|7.74|> нефтебаза.<|8.74|><|8.74|> И есть понятие линейных сооружений.<|11.86|><|11.98|> То есть, это сам, собственно, трубопровод со всякими задвижками<|15.92|><|15.92|> и прочими сопутствующими зданиями и обеспечивающими элементами<|20.36|><|20.36|> инфраструктуры.<|21.92|><|24.50|> Если говорить о газопроводе, то есть, все-таки, нужно их<|27.36|><|27.36|> делить между собой.<|29.52|>"
115,/workspace/datasets/whisper_prep_dataset/train/created_dataset/dump/xbrsbYaj-gU/2400460.mp3,-0.06081777003128082,term,"<|0.00|> при вытеснении нефти<|1.40|><|1.40|> из пластов<|1.94|><|1.94|> водными растворами<|3.02|><|3.02|> по авто,<|3.98|><|4.08|> поверхностноактивных веществ,<|5.28|><|5.64|> полимеров<|6.24|><|6.24|> или двуокиси углерода<|7.50|><|7.50|> необходимо<|8.38|><|8.38|> количественно прогнозировать<|10.50|><|10.50|> сорбцию,<|11.06|><|11.20|> связанную с ней<|11.74|><|11.74|> скорость движения<|12.58|><|12.58|> в пласте реагентов.<|13.60|><|14.12|> При использовании<|15.10|><|15.10|> влажного<|15.62|><|15.62|> внутрипластового горения<|16.76|><|16.76|> определять<|17.64|><|17.64|> водовоздушное отношение,<|19.42|><|19.60|> скорость<|20.04|><|20.04|> продвижения<|20.64|><|20.64|> по пласту<|21.24|><|21.24|> фронта горения<|21.96|><|21.96|> и так далее.<|22.68|><|24.56|> Необходимо<|25.20|><|25.20|> подчеркнуть,<|26.18|><|26.66|> что все показатели,<|27.92|><|28.04|> присущие<|28.54|><|28.54|> данной технологии<|29.36|>"
931,/workspace/datasets/whisper_prep_dataset/train/created_dataset/dump/YSKJxaTai8o/1538020.mp3,-0.06025824011885561,question,"<|0.00|> Мы провели review по части, то есть, обзор по части приемо-сдаточных<|5.18|><|5.18|> операций.<|6.38|><|6.38|> Да, то есть, на выходе, какого качества у нас нефть дальше<|12.70|><|12.70|> будет сдаваться, да.<|15.14|><|15.58|> То есть, это проведение не только review, и плюс обучение<|19.48|><|19.48|> персонала.<|20.38|><|21.14|> То есть, когда мы пришли, нам люди говорили, а мы так не<|25.04|><|25.04|> делали.<|25.70|><|26.66|> То есть, разве так можно?<|29.12|>"
46,/workspace/datasets/whisper_prep_dataset/train/created_dataset/dump/xbrsbYaj-gU/448740.mp3,-0.060179398262075016,term,<|0.00|> 3. Небольшой ободненность продукции достигает 3-4% при вязкости<|6.04|><|6.04|> нефти нефти не более 5 мегапаскаль в секунду и 35% при повышенной<|11.18|><|11.18|> вязкости.<|12.42|><|13.42|> 3. Достигнутым текущим коэффициентом нефте отдачи это около<|17.74|><|17.74|> 10%.<|18.28|><|18.28|> 3. Продолжительность данной стадии зависит от промышленной<|23.40|><|23.40|> ценности заверши и составляет 4-5 лет.<|26.90|>
973,/workspace/datasets/whisper_prep_dataset/train/created_dataset/dump/YSKJxaTai8o/2706520.mp3,-0.060053929965943095,term,"<|0.40|> И в будущем, то есть это уже сейчас существует, и она еще<|3.38|><|3.38|> больше будет искусироваться, все больше, больше, больше.<|7.20|><|7.34|> То есть это oil integrity, то есть целостность скважин.<|10.24|><|11.18|> Есть в западных компаниях, это отдельная специализация идет,<|14.40|><|14.40|> то есть инженер по целостности скважин.<|17.14|><|17.20|> И он занимается непосредственно обеспечением целостности скважин<|22.08|><|22.08|> во время разработки месторождения.<|24.82|>"
